Index,Index in initial List,CWNS_No,Total Flow,City,County,State,Has CHP,Electricity Utility,Gas Utility,Electric URL,Gas URL,,,,,,,,,,,,,,,,,,,,,,,,,,,,,,Gas,,,,,,,,,,,,,,,,,,,,,URL
1,3176,12000053001,50.5,Tampa,Hillsborough,FL,Yes,TECO,TECO,https://www.electricitylocal.com/states/florida/tampa/,https://naturalgaslocal.com/states/florida/tampa/,,,,,,,,,,,,,,,,,,,,,,,,,,,,,,,,,,,,,,,,,,,,,,,,,,,
2,9269,48003033002,52.66,Austin,Travis,TX,No,Austin Energy,Texas Gas Service,https://austinenergy.com/ae/rates/commercial-rates/commercial-electric-rates-and-line-items,https://www.texasgasservice.com//media/TGS/Tariffs/CentralGulf/3Z-CG.pdf,,,,,,,,,,,,,,,,,,,,,,,,,,,,,,,,,,,,,,,,,,,,,,,,,,,
3,12137,31001825002,53,BELLEVUE,Sarpy,NE,No,Omaha Public Power District,MUD Omaha,https://www.oppd.com/media/207840/oppd-rate-manual.pdf,https://www.mudomaha.com/node/263,,,,,,,,,,,,,,,,,,,,,,,,,,,,,,,,,,,,,,,,,,,,,,,,,,,
4,710,36001010001,53.017,,Nassau,NY,No,PSEG,National Grid,https://www.psegliny.com/aboutpseglongisland/ratesandtariffs/-/media/DBE8C9D907C7433784EAACCA8A1E9852.ashx,https://www.nationalgridus.com/Long-Island-NY-Business/Bills-Meters-and-Rates/Service-Rates,,,,,,,,,,,,,,,,,,,,,,,,,,,,,,,,,,,,,,,,,,,,,,,,,,,
5,712,36001010017,53.017,East Rockaway,Nassau,NY,No,PSEG,National Grid,https://www.psegliny.com/aboutpseglongisland/ratesandtariffs/-/media/DBE8C9D907C7433784EAACCA8A1E9852.ashx,https://www.nationalgridus.com/Long-Island-NY-Business/Bills-Meters-and-Rates/Service-Rates,,,,,,,,,,,,,,,,,,,,,,,,,,,,,,,,,,,,,,,,,,,,,,,,,,,
6,27,9000641001,53.48,Hartford,Hartford,CT,No,Eversource,Connecticut Natural Gas,https://www.eversource.com/content/docs/default-source/rates-tariffs/ct-electric/rate-58-ct.pdf?sfvrsn=e441c762_46,https://www.cngcorp.com/wps/wcm/connect/www.cngcorp.com-20629/d21d0071-1df2-4139-ac34-ac9f74b1ce79/06a-LGS+%28Large+General+Service%29.pdf?MOD=AJPERES&amp;CACHEID=ROOTWORKSPACE.Z18_J092I2G0NODI40A73GVBIB3O26-d21d0071-1df2-4139-ac34-ac9f74b1ce79-nAZUJ0C,,,,,,,,,,,,,,,,,,,,,,,,,,,,,,,,,,,,,,,,,,,,,,,,,,,
7,13549,6005025001,55,Stockton,San Joaquin,CA,Yes,Pacific  Gas and Energy,Pacific  Gas and Energy,https://www.pge.com/tariffs/electric.shtml#INDUSTRIAL,https://www.pge.com/tariffs/assets/pdf/tariffbook/GAS_SCHEDS_G-NR2.pdf,,,,,,,,,,,,,,,,,,,,,,,,,,,,,,,,,,,,,,,,,,,,,,,,,,,
8,8492,35000021001,56,ALBUQUERQUE,Bernalillo,NM,Yes,PNM,New Mexico Gas Company,https://www.pnm.com/documents/396023/396197/schedule_4_b.pdf/c81201a9-42a2-4787-8552-3ecadc8be169?t=1546288357057,https://www.nmgco.com/en/cost_of_gas,,,,,,,,,,,,,,,,,,,,,,,,,,,,,,,,,,,,,,,,,,,,,,,,,,,
9,711,36001010006,57.067,Wantagh,Nassau,NY,No,PSEG,National Grid,https://www.nationalgridus.com/Upstate-NY-Business/Rates/Service-Rates,https://www.nationalgridus.com/Upstate-NY-Business/Rates/Service-Rates,,,,,,,,,,,,,,,,,,,,,,,,,,,,,,,,,,,,,,,,,,,,,,,,,,,
10,9578,48008015001,58,San Antonio,Bexar,TX,No,CPS Energy,CPS Energy,https://www.cpsenergy.com/content/dam/corporate/en/Documents/Rate_ExtraLargePowerService.pdf,https://www.cpsenergy.com/content/dam/corporate/en/Documents/Rate_LargeVolumeGas.pdf,,,,,,,,,,,,,,,,,,,,,,,,,,,,,,,,,,,,,,,,,,,,,,,,,,,
11,650,34006012001,58.8,Camden,Camden,NJ,Yes,PUBLIC SERVICE ELECTRIC AND GAS COMPANY,PUBLIC SERVICE ELECTRIC AND GAS COMPANY,https://nj.pseg.com/aboutpseg/regulatorypage/-/media/2DC2339E928A4DD08F4F10629F484DA4.ashx,https://nj.pseg.com/aboutpseg/regulatorypage/-/media/D1C183F23D1B4603A10CD633881AF06B.ashx,,,,,,,,,,,,,,,,,,,,,,,,,,,,,,,,,,,,,,,,,,,,,,,,,,,
12,13517,6004010004,59,Van Nuys,Los Angeles,CA,No,Southern California Edison,Socal Gas,https://library.sce.com/content/dam/sce-doclib/public/regulatory/tariff/electric/schedules/general-service-&-industrial-rates/ELECTRIC_SCHEDULES_GS-2.pdf,https://www.socalgas.com/pay-bill/understanding-your-bill/natural-gas-prices-explained,,,,,,,,,,,,,,,,,,,,,,,,,,,,,,,,,,,,,,,,,,,,,,,,,,,
13,749,36002001007,60,Brooklyn,Kings,NY,Yes,Con Edison,National Grid,https://www.nationalgridus.com/Upstate-NY-Home/Rates/Supply-Costs,,,,,,,,,,,,,,,,,,,,,,,,,,,,,,,,,,,,,,,,,,,,,,,,,,,,
14,2419,51000161001,60,Richmond,Richmond City,VA,No,Dominion energy,Natural Gas Utility - City of Richmond,https://cdn-dominionenergy-prd-001.azureedge.net/-/media/pdfs/virginia/business-rates/schedule-gs4.pdf?la=en&rev=2db2a8956bf44d598d0b7d0030c49841&hash=B9FD25EC56313F057F8647DFC8F67BBC,https://www.rva.gov/public-utilities/utility-rates,,,,,,,,,,,,,,,,,,,,,,,,,,,,,,,,,,,,,,,,,,,,,,,,,,,
15,8721,40000123012,60,Oklahoma City,Oklahoma,OK,No,OG&E,Oklahoma Natural Gas,https://www.oge.com/wps/wcm/connect/ed8dd0f5-d6d9-4879-9544-708f36b8c0cc/18.00+-+LPL-TOU+Large+Power+and+Light+Time-of-Use+Stamped+Approved.pdf?MOD=AJPERES&CACHEID=ROOTWORKSPACE-ed8dd0f5-d6d9-4879-9544-708f36b8c0cc-mS2ssJy,https://www.oklahomanaturalgas.com//media/ONG/Tariffs/291S.pdf,,,,,,,,,,,,,,,,,,,,,,,,,,,,,,,,,,,,,,,,,,,,,,,,,,,
16,14409,53001280001,60,Tacoma,Pierce,WA,Yes,Tacoma Public utilities,Puget Sound Energy,https://www.mytpu.org/wp-content/uploads/HVG_2021.pdf,https://www.pse.com/pages/rates/schedule-summaries#sort=%40documentdate%20descending,,,,,,,,,,,,,,,,,,,,,,,,,,,,,,,,,,,,,,,,,,,,,,,,,,,
17,746,36002001004,61.06,College Point,Queens,NY,Yes,Con Edison,National Grid,https://www.nationalgridus.com/Upstate-NY-Home/Rates/Supply-Costs,,,,,,,,,,,,,,,,,,,,,,,,,,,,,,,,,,,,,,,,,,,,,,,,,,,,
18,13869,32000011001,62,Las Vegas,Clark,NV,No,NV energy,Southwest Gas,https://www.nvenergy.com/publish/content/dam/nvenergy/brochures_arch/about-nvenergy/rates-regulatory/np_com_rate.pdf,https://www.swgas.com/7400000300173/21-0701--NV-Gas-Tariff-No.-7_Rev-No.-80.pdf,,,,,,,,,,,,,,,,,,,,,,,,,,,,,,,,,,,,,,,,,,,,,,,,,,,
19,748,36002001006,64.06,Brooklyn,Kings,NY,Yes,Con Edison,National Grid,https://www.nationalgridus.com/Upstate-NY-Home/Rates/Supply-Costs,,,,,,,,,,,,,,,,,,,,,,,,,,,,,,,,,,,,,,,,,,,,,,,,,,,,
20,14108,41000017001,64.5,Portland,Multnomah,OR,Yes,Portland General Electric,NW Natural,https://assets.ctfassets.net/416ywc1laqmd/6dAeVKHyINXoh5FpDgllNJ/c1776db03882ca94ba5465c5848e49c6/Sched_089.pdf,https://www.nwnatural.com/about-us/rates-and-regulations/billing-rates,,,,,,,,,,,,,,,,,,,,,,,,,,,,,,,,,,,,,,,,,,,,,,,,,,,
21,4764,47000245002,65,CHATTANOOGA,Hamilton,TN,No,EPB,Chattanooga gas,https://static.epb.com/media/documents/EPB_Retail_Rate_Summary_Jan_2020_v2.pdf,https://www.chattanoogagas.com/business/pricing-and-rate-plans.html,,,,,,,,,,,,,,,,,,,,,,,,,,,,,,,,,,,,,,,,,,,,,,,,,,,
22,1309,24000001002,67,Baltimore,Baltimore City,MD,No,Baltimore Gas and Electric,Baltimore Gas and Electric,https://www.bge.com/MyAccount/MyBillUsage/Documents/Electric/P3_SCH_P.pdf,https://www.bge.com/MyAccount/MyBillUsage/Documents/Gas/GasScheduleIS.pdf,,,,,,,,,,,,,,,,,,,,,,,,,,,,,,,,,,,,,,,,,,,,,,,,,,,
23,2155,42006056001,68.59,Erie City,Erie,PA,No,Penelec,National Fuel,https://www.firstenergycorp.com/content/dam/customer/Customer%20Choice/Files/PA/tariffs/Penelec-Tariff-81-Supp-117.pdf,https://www.nationalfuel.com/wp-content/uploads/documents/PA-Aug21.pdf,,,,,,,,,,,,,,,,,,,,,,,,,,,,,,,,,,,,,,,,,,,,,,,,,,,
24,14352,53000776001,70,Renton,King,WA,Yes,Puget Sound Energy,Puget Sound Energy,https://www.pse.com/pages/rates/schedule-summaries#sort=%40documentdate%20descending,https://www.pse.com/pages/rates/schedule-summaries#sort=%40documentdate%20descending,,,,,,,,,,,,,,,,,,,,,,,,,,,,,,,,,,,,,,,,,,,,,,,,,,,
25,4874,47000940001,70.5,Memphis,Shelby,TN,No,"Memphis Light, Gas, and Water (MLGW)","Memphis Light, Gas, and Water (MLGW)",https://www.mlgw.com/images/content/files/pdf_rates/GSA%20Jan21.pdf,http://www.mlgw.com/images/content/files/pdf_rates/G8-G9%20Jul18.pdf,,,,,,,,,,,,,,,,,,,,,,,,,,,,,,,,,,,,,,,,,,,,,,,,,,,
26,1103,36007136001,71.153,Syracuse,Onondaga,NY,Yes,National Grid,National Grid,https://www.nationalgridus.com/Upstate-NY-Home/Rates/Supply-Costs,,,,,,,,,,,,,,,,,,,,,,,,,,,,,,,,,,,,,,,,,,,,,,,,,,,,
27,6787,39002093001,72,Dayton,Montgomery,OH,Yes,AES Ohio,Centerpoint,https://www.aes-ohio.com/sites/default/files/2021-06/D20%20-%20Primary%206-1-21.pdf,https://midwest.centerpointenergy.com/assets/downloads/rates/oh-gas-tariff.pdf,,,,,,,,,,,,,,,,,,,,,,,,,,,,,,,,,,,,,,,,,,,,,,,,,,,
28,3117,12000001001,72.5,Pompano Beach,Broward,FL,Yes,Florida power and light,Florida Public Utilities Company,https://www.fpl.com/content/dam/fpl/us/en/rates/pdf/bus-may-2021.pdf,https://fpuc.com/wp-content/uploads/MASTER-Combined-Tariff-FINAL-w-2021-rates-and-sheet-updates.pdf,,,,,,,,,,,,,,,,,,,,,,,,,,,,,,,,,,,,,,,,,,,,,,,,,,,
29,1307,10000027001,75,Wilmington,New Castle,DE,Yes,Delmarva,Delmarva,https://www.delmarva.com/Documents/Master%20tariff%20eff%2007-01-2021%20filed%2006-29-21%20DSIC.pdf,https://www.delmarva.com/Documents/GAS%20Master%20Tariff%20eff%2007-01-21%20filed%2006-29-21%20GAS%20DSIC.pdf,,,,,,,,,,,,,,,,,,,,,,,,,,,,,,,,,,,,,,,,,,,,,,,,,,,
30,2414,51000154002,75,Richmond,Henrico,VA,No,Dominion energy,Natural Gas Utility - City of Richmond,https://cdn-dominionenergy-prd-001.azureedge.net/-/media/pdfs/virginia/business-rates/schedule-gs4.pdf?la=en&rev=2db2a8956bf44d598d0b7d0030c49841&hash=B9FD25EC56313F057F8647DFC8F67BBC,https://www.rva.gov/public-utilities/utility-rates,,,,,,,,,,,,,,,,,,,,,,,,,,,,,,,,,,,,,,,,,,,,,,,,,,,
31,13568,6005053001,75,Fresno,Fresno,CA,Yes,Pacific  Gas and Energy,Pacific  Gas and Energy,https://www.pge.com/tariffs/electric.shtml#INDUSTRIAL,https://www.pge.com/tariffs/assets/pdf/tariffbook/GAS_SCHEDS_G-NR2.pdf,,,,,,,,,,,,,,,,,,,,,,,,,,,,,,,,,,,,,,,,,,,,,,,,,,,
32,545,34001005001,75.19,Little Ferry,Bergen,NJ,Yes,PUBLIC SERVICE ELECTRIC AND GAS COMPANY,PUBLIC SERVICE ELECTRIC AND GAS COMPANY,https://nj.pseg.com/aboutpseg/regulatorypage/-/media/2DC2339E928A4DD08F4F10629F484DA4.ashx,https://nj.pseg.com/aboutpseg/regulatorypage/-/media/D1C183F23D1B4603A10CD633881AF06B.ashx,,,,,,,,,,,,,,,,,,,,,,,,,,,,,,,,,,,,,,,,,,,,,,,,,,,
33,13837,15000003001,77.6,Honolulu,Honolulu,HI,Yes,Hawaiian Electric,Hawaii Gas,https://www.hawaiianelectric.com/documents/billing_and_payment/rates/hawaiian_electric_rates/heco_rates_tou_p.pdf,https://www.hawaiigas.com/media/pmbp4pdr/hgas_tariff_oahu_rate_sch_eff_02-01-2019.pdf,,,,,,,,,,,,,,,,,,,,,,,,,,,,,,,,,,,,,,,,,,,,,,,,,,,
34,9352,48004026002,78.81,Dallas,Dallas,TX,Yes,Oncor,Atmos Energy,https://www.vaultelectricity.com/Texas-electric-companies/TX-commercial-electricity-prices-rates-plans/Texas-commercial-electricity.html,https://www.atmosenergy.com/sites/default/files/mtx_aec_tariff_cee_effective_7_01_2021.pdf,,,,,,,,,,,,,,,,,,,,,,,,,,,,,,,,,,,,,,,,,,,,,,,,,,,
35,6496,39000084001,79,Akron,Summit,OH,Yes,Ohio Edison,Dominion Energy,https://www.firstenergycorp.com/content/dam/customer/Customer%20Choice/Files/Ohio/tariffs/OE-2021-Electric-Service.pdf,https://cdn-dominionenergy-prd-001.azureedge.net/-/media/pdfs/ohio/rates-tariffs/rates-lvgss.pdf?la=en&rev=df19f8469560481dbd8e1d27c9a271c3,,,,,,,,,,,,,,,,,,,,,,,,,,,,,,,,,,,,,,,,,,,,,,,,,,,
36,872,36003169012,79.428,Yonkers,Westchester,NY,Yes,Con Edison,National Grid,https://www.nationalgridus.com/Upstate-NY-Home/Rates/Supply-Costs,,,,,,,,,,,,,,,,,,,,,,,,,,,,,,,,,,,,,,,,,,,,,,,,,,,,
37,6774,39001792001,79.5,Columbus,Franklin,OH,No,AEP Ohio,Columbia Gas,https://www.aepohio.com/lib/docs/ratesandtariffs/Ohio/2021-08-03_AEP_OAD_Tariff.pdf,https://www.columbiagasohio.com/docs/librariesprovider5/rates-and-tariffs/ohio-tariff.pdf?sfvrsn=113,,,,,,,,,,,,,,,,,,,,,,,,,,,,,,,,,,,,,,,,,,,,,,,,,,,
38,13400,6002032003,80,San Francisco,San Francisco,CA,Yes,Pacific  Gas and Energy,Pacific  Gas and Energy,https://www.pge.com/tariffs/electric.shtml#INDUSTRIAL,https://www.pge.com/tariffs/assets/pdf/tariffbook/GAS_SCHEDS_G-NR2.pdf,,,,,,,,,,,,,,,,,,,,,,,,,,,,,,,,,,,,,,,,,,,,,,,,,,,
39,13405,6002036001,80,Oakland,Alameda,CA,Yes,Pacific  Gas and Energy,Pacific  Gas and Energy,https://www.pge.com/tariffs/electric.shtml#INDUSTRIAL,https://www.pge.com/tariffs/assets/pdf/tariffbook/GAS_SCHEDS_G-NR2.pdf,,,,,,,,,,,,,,,,,,,,,,,,,,,,,,,,,,,,,,,,,,,,,,,,,,,
40,6252,26004005011,81,Wyandotte,Wayne,MI,No,DTE ELECTRIC COMPANY,DTE ELECTRIC COMPANY,https://www.michigan.gov/documents/mpsc/dtee1cur_579203_7.pdf,https://newlook.dteenergy.com/wps/wcm/connect/e862777b-ce94-4c81-8ef4-ff88298abce1/rateCard.pdf?MOD=AJPERES,,,,,,,,,,,,,,,,,,,,,,,,,,,,,,,,,,,,,,,,,,,,,,,,,,,
41,11050,29001011001,81,Kansas City,Jackson,MO,No,Evergy,Spire,https://www.evergy.com/-/media/documents/billing/missouri/detailed_tariffs_mo/gmo/large-power-service-081419.pdf?la=en,,,,,,,,,,,,,,,,,,,,,,,,,,,,,,,,,,,,,,,,,,,,,,,,,,,,
42,13505,6004009003,83.6,Whittier,Los Angeles,CA,No,Southern California Edison,Socal Gas,https://library.sce.com/content/dam/sce-doclib/public/regulatory/tariff/electric/schedules/general-service-&-industrial-rates/ELECTRIC_SCHEDULES_GS-2.pdf,https://www.socalgas.com/pay-bill/understanding-your-bill/natural-gas-prices-explained,,,,,,,,,,,,,,,,,,,,,,,,,,,,,,,,,,,,,,,,,,,,,,,,,,,
43,546,34001030001,85,Elizabeth,Union,NJ,Yes,PUBLIC SERVICE ELECTRIC AND GAS COMPANY,PUBLIC SERVICE ELECTRIC AND GAS COMPANY,https://nj.pseg.com/aboutpseg/regulatorypage/-/media/2DC2339E928A4DD08F4F10629F484DA4.ashx,https://nj.pseg.com/aboutpseg/regulatorypage/-/media/D1C183F23D1B4603A10CD633881AF06B.ashx,,,,,,,,,,,,,,,,,,,,,,,,,,,,,,,,,,,,,,,,,,,,,,,,,,,
44,7168,39008260001,85,Toledo,Lucas,OH,Yes,Ohio Edison,Columbia Gas,https://www.firstenergycorp.com/content/dam/customer/Customer%20Choice/Files/Ohio/tariffs/OE-2021-Electric-Service.pdf,https://www.columbiagasohio.com/docs/librariesprovider5/rates-and-tariffs/ohio-tariff.pdf?sfvrsn=115,,,,,,,,,,,,,,,,,,,,,,,,,,,,,,,,,,,,,,,,,,,,,,,,,,,
45,1158,36008024001,86.72,Rochester,Monroe,NY,No,National Grid,National Grid,https://www.nationalgridus.com/Upstate-NY-Business/Rates/Service-Rates,https://www.nationalgridus.com/Upstate-NY-Business/Supply-Costs/,,,,,,,,,,,,,,,,,,,,,,,,,,,,,,,,,,,,,,,,,,,,,,,,,,,
46,752,36002001010,87.09,Brooklyn,Kings,NY,Yes,Con Edison,National Grid,https://www.nationalgridus.com/Upstate-NY-Home/Rates/Supply-Costs,,,,,,,,,,,,,,,,,,,,,,,,,,,,,,,,,,,,,,,,,,,,,,,,,,,,
47,3495,13000012004,87.52,Atlanta,Fulton,GA,Yes,Georgia power,Georgia natural gas,"https://www.georgiapower.com/content/dam/georgia-power/pdfs/electric-service-tariff-pdfs/TOU-HLF-10.pdf, https://www.georgiapower.com/business/billing-and-rates/business-rates.html",https://gng.com/shop-for-service/georgia-natural-gas-rates-plans.php,,,,,,,,,,,,,,,,,,,,,,,,,,,,,,,,,,,,,,,,,,,,,,,,,,,
48,13789,6008022001,88,Fountain Valley,Orange,CA,Yes,Southern California Edison,Socal Gas,https://library.sce.com/content/dam/sce-doclib/public/regulatory/tariff/electric/schedules/general-service-&-industrial-rates/ELECTRIC_SCHEDULES_GS-2.pdf,https://www.socalgas.com/pay-bill/understanding-your-bill/natural-gas-prices-explained,,,,,,,,,,,,,,,,,,,,,,,,,,,,,,,,,,,,,,,,,,,,,,,,,,,
49,13901,32000200820,89,Las Vegas,Clark,NV,No,NV energy,Southwest Gas,https://www.nvenergy.com/publish/content/dam/nvenergy/brochures_arch/about-nvenergy/rates-regulatory/np_com_rate.pdf,https://www.swgas.com/7400000300173/21-0701--NV-Gas-Tariff-No.-7_Rev-No.-80.pdf,,,,,,,,,,,,,,,,,,,,,,,,,,,,,,,,,,,,,,,,,,,,,,,,,,,
50,4875,47000940002,90,Memphis,Shelby,TN,No,"Memphis Light, Gas, and Water (MLGW)","Memphis Light, Gas, and Water (MLGW)",https://www.mlgw.com/images/content/files/pdf_rates/GSA%20Jan21.pdf,http://www.mlgw.com/images/content/files/pdf_rates/G8-G9%20Jul18.pdf,,,,,,,,,,,,,,,,,,,,,,,,,,,,,,,,,,,,,,,,,,,,,,,,,,,
51,4890,47001016001,91.9,Nashville,Davidson,TN,Yes,Nashville Electric Service,PIEDMONT NATURAL GAS COMPANY,https://www.nespower.com/-/media/project/nes/common/pdfs/commercial-rates/2021/july/rateslgs2021jul.pdf,https://desitecoreprod-cd.azureedge.net/_/media/pdfs/png/tn-tariffandserviceregulations.pdf?la=en&rev=1025dc8779e64ac8a9eeee3d1ff307ce,,,,,,,,,,,,,,,,,,,,,,,,,,,,,,,,,,,,,,,,,,,,,,,,,,,
52,3148,12000017028,92,Miami,Miami-Dade,FL,No,Florida power and light,Florida City Gas,https://www.fpl.com/content/dam/fpl/us/en/rates/pdf/bus-may-2021.pdf,https://www.floridacitygas.com/fcgcommon/pdfs/FACT-SHEET-FCG-Rates.pdf,,,,,,,,,,,,,,,,,,,,,,,,,,,,,,,,,,,,,,,,,,,,,,,,,,,
53,8459,22009071001,92.1,New Orleans,Orleans,LA,No,Entergy New Orleans,LLC,https://cdn.entergy-neworleans.com/userfiles/content/price/tariffs/eno/enol_elec_le.pdf?_ga=2.164800505.71098645.1625949504-1446053430.1625949504,https://cdn.entergy-neworleans.com/userfiles/content/price/tariffs/eno/enol_gas_lg.pdf?_ga=2.164800505.71098645.1625949504-1446053430.1625949504,,,,,,,,,,,,,,,,,,,,,,,,,,,,,,,,,,,,,,,,,,,,,,,,,,,
54,751,36002001009,93.09,Brooklyn,Kings,NY,Yes,Con Edison,National Grid,https://www.nationalgridus.com/Upstate-NY-Home/Rates/Supply-Costs,,,,,,,,,,,,,,,,,,,,,,,,,,,,,,,,,,,,,,,,,,,,,,,,,,,,
55,1525,42000094003,94.8,Philadelphia,Philadelphia,PA,No,PECO,PECO,https://www.peco.com/SiteCollectionImages/rate%20GS%20june12021.pdf,https://www.pgworks.com/uploads/pdfs/PGW_Gas_Service_Tariff_Through_Supplement_144_-_Updated.pdf,,,,,,,,,,,,,,,,,,,,,,,,,,,,,,,,,,,,,,,,,,,,,,,,,,,
56,3147,12000017027,95,Miami,Miami-Dade,FL,Yes,Florida power and light,Florida City Gas,https://www.fpl.com/content/dam/fpl/us/en/rates/pdf/bus-may-2021.pdf,https://www.floridacitygas.com/fcgcommon/pdfs/FACT-SHEET-FCG-Rates.pdf,,,,,,,,,,,,,,,,,,,,,,,,,,,,,,,,,,,,,,,,,,,,,,,,,,,
57,6775,39001792002,96,Lockbourne,Franklin,OH,No,Columbus Division of Power,Columbus Division of Power,file:///C:/Users/HP/Downloads/2021%20Electricity%20Rate%20Sheet.pdf,https://www.columbiagasohio.com/docs/librariesprovider5/rates-and-tariffs/ohio-tariff.pdf?sfvrsn=113,,,,,,,,,,,,,,,,,,,,,,,,,,,,,,,,,,,,,,,,,,,,,,,,,,,
58,9528,48007039001,96,Houston,Harris,TX,No,Entergy Texas,Entergy Texas,https://cdn.entergy-texas.com/userfiles/content/price/tariffs/eti_lips-tod.pdf?_ga=2.227861721.596596015.1625874653-1972597703.1625874653,https://www.centerpointenergy.com/en-us/Documents/RatesandTariffs/HoustonGas/GSLV-626A-I.pdf,,,,,,,,,,,,,,,,,,,,,,,,,,,,,,,,,,,,,,,,,,,,,,,,,,,
59,747,36002001005,96.09,Jamaica,Queens,NY,Yes,National Grid,National Grid,https://www.nationalgridus.com/Upstate-NY-Home/Rates/Supply-Costs,,,,,,,,,,,,,,,,,,,,,,,,,,,,,,,,,,,,,,,,,,,,,,,,,,,,
60,3838,21000025001,97.5,Louisville,Jefferson,KY,No,Louisville Gas and Electric,Louisville Gas and Electric,file:///C:/Users/HP/Downloads/LGE-Electric-Rates-040121.pdf,,,,,,,,,,,,,,,,,,,,,,,,,,,,,,,,,,,,,,,,,,,,,,,,,,,,
61,14353,53000776002,110,Seattle,King,WA,Yes,Seattle City Light,Puget Sound Energy,http://www.seattle.gov/city-light/business-solutions/business-billing-and-account-information/business-rates#seattlebusinesses,https://www.pse.com/pages/rates/schedule-summaries#sort=%40documentdate%20descending,,,,,,,,,,,,,,,,,,,,,,,,,,,,,,,,,,,,,,,,,,,,,,,,,,,
62,11071,29001023001,111,St. Louis,St. Louis,MO,No,Ameren,Spire energy,https://www.ameren.com/-/media/rates/files/missouri/uecsheet61rate11mlps.pdf,https://www.spireenergy.com/sites/default/files/2020-12/SpireMOWestRateTariffsDecember32020.pdf,,,,,,,,,,,,,,,,,,,,,,,,,,,,,,,,,,,,,,,,,,,,,,,,,,,
63,11072,29001023002,114,St. Louis,St. Louis,MO,No,Ameren,Spire energy,https://www.ameren.com/-/media/rates/files/missouri/uecsheet61rate11mlps.pdf,https://www.spireenergy.com/sites/default/files/2020-12/SpireMOWestRateTariffsDecember32020.pdf,,,,,,,,,,,,,,,,,,,,,,,,,,,,,,,,,,,,,,,,,,,,,,,,,,,
64,5437,18000061001,120,Indianapolis,Marion,IN,No,AES Indiana,Citizen Gas,https://www.aesindiana.com/sites/default/files/2021-05/Rate-PL-Primary-Service-Large-50409-Effective-04-07-21.pdf,https://www.citizensenergygroup.com/ratesriders/RateNo%20D5%20Large%20Volume%20-%20eff.%209-6-11.pdf,,,,,,,,,,,,,,,,,,,,,,,,,,,,,,,,,,,,,,,,,,,,,,,,,,,
65,744,36002001002,122.12,Bronx,Bronx,NY,Yes,National Grid,National Grid,https://www.nationalgridus.com/Upstate-NY-Home/Rates/Supply-Costs,,,,,,,,,,,,,,,,,,,,,,,,,,,,,,,,,,,,,,,,,,,,,,,,,,,,
66,9351,48004026001,123.704,Dallas,Dallas,TX,No,Oncor,Atmos Energy,https://www.vaultelectricity.com/Texas-electric-companies/TX-commercial-electricity-prices-rates-plans/Texas-commercial-electricity.html,https://www.atmosenergy.com/sites/default/files/mtx_aec_tariff_cee_effective_7_01_2021.pdf,,,,,,,,,,,,,,,,,,,,,,,,,,,,,,,,,,,,,,,,,,,,,,,,,,,
67,3145,12000017004,127,Miami,Miami-Dade,FL,Yes,Florida power and light,Florida City Gas,https://www.fpl.com/content/dam/fpl/us/en/rates/pdf/bus-may-2021.pdf,https://www.floridacitygas.com/fcgcommon/pdfs/FACT-SHEET-FCG-Rates.pdf,,,,,,,,,,,,,,,,,,,,,,,,,,,,,,,,,,,,,,,,,,,,,,,,,,,
68,745,36002001003,129.11,Astoria,Queens,NY,Yes,Con Edison,National Grid,https://www.nationalgridus.com/Upstate-NY-Home/Rates/Supply-Costs,,,,,,,,,,,,,,,,,,,,,,,,,,,,,,,,,,,,,,,,,,,,,,,,,,,,
69,6767,39001666001,131.09,Cleveland,Cuyahoga,OH,No,Cleveland Public Power,Dominion Energy,https://www.cpp.org/info/Pricing/Rate-Schedule,https://cdn-dominionenergy-prd-001.azureedge.net/-/media/pdfs/ohio/rates-tariffs/rates-lvgss.pdf?la=en&rev=df19f8469560481dbd8e1d27c9a271c3,,,,,,,,,,,,,,,,,,,,,,,,,,,,,,,,,,,,,,,,,,,,,,,,,,,
70,9376,48004122001,138.9,Fort Worth,Tarrant,TX,Yes,Oncor,Atmos Energy,https://www.vaultelectricity.com/Texas-electric-companies/TX-commercial-electricity-prices-rates-plans/Texas-commercial-electricity.html,https://www.atmosenergy.com/sites/default/files/mtx_aec_tariff_cee_effective_7_01_2021.pdf,,,,,,,,,,,,,,,,,,,,,,,,,,,,,,,,,,,,,,,,,,,,,,,,,,,
71,13251,4001318001,140,Phoenix,Maricopa,AZ,Yes,Arizona Public Service Company,Southwest Gas,https://www.aps.com/en/Utility/Regulatory-and-Legal/Rates-Schedules-and-Adjustors#Business,https://www.swgas.com/7200000200650/21-0801--AZ-Gas-Tariff-No-7-Revision-No-370.pdf,,,,,,,,,,,,,,,,,,,,,,,,,,,,,,,,,,,,,,,,,,,,,,,,,,,
72,13409,6002041001,143.3,San Jose,Santa Clara,CA,Yes,Pacific  Gas and Energy,Pacific  Gas and Energy,https://www.pge.com/tariffs/electric.shtml#INDUSTRIAL,https://www.pge.com/tariffs/assets/pdf/tariffbook/GAS_SCHEDS_G-NR2.pdf,,,,,,,,,,,,,,,,,,,,,,,,,,,,,,,,,,,,,,,,,,,,,,,,,,,
73,1253,36009071001,149,Buffalo,Erie,NY,No,National Grid,National Grid,https://www.nationalgridus.com/Upstate-NY-Business/Rates/Service-Rates,https://www.nationalgridus.com/Upstate-NY-Business/Supply-Costs/,,,,,,,,,,,,,,,,,,,,,,,,,,,,,,,,,,,,,,,,,,,,,,,,,,,
74,6882,39003369002,151,Cincinnati,Hamilton,OH,No,Duke Energy,Duke Energy,https://desitecoreprod-cd.azureedge.net/_/media/pdfs/for-your-home/rates/electric-oh/sheet-no-44-rate-dp-oh-e.pdf?la=en&rev=a49713772b324649a03d24df25ba071e,https://desitecoreprod-cd.azureedge.net/_/media/pdfs/rates/oh/sheetno35rategslohgratecase1213.pdf?la=en&rev=0fc272a268494a97991b11ba37eadf93,,,,,,,,,,,,,,,,,,,,,,,,,,,,,,,,,,,,,,,,,,,,,,,,,,,
75,13790,6008022002,151,Fountain Valley,Orange,CA,Yes,Southern California Edison,Socal Gas,https://library.sce.com/content/dam/sce-doclib/public/regulatory/tariff/electric/schedules/general-service-&-industrial-rates/ELECTRIC_SCHEDULES_GS-2.pdf,https://www.socalgas.com/pay-bill/understanding-your-bill/natural-gas-prices-explained,,,,,,,,,,,,,,,,,,,,,,,,,,,,,,,,,,,,,,,,,,,,,,,,,,,
76,9093,48000004001,152,Dallas,Dallas,TX,No,Oncor,Atmos Energy,https://www.vaultelectricity.com/Texas-electric-companies/TX-commercial-electricity-prices-rates-plans/Texas-commercial-electricity.html,https://www.atmosenergy.com/sites/default/files/mtx_aec_tariff_cee_effective_7_01_2021.pdf,,,,,,,,,,,,,,,,,,,,,,,,,,,,,,,,,,,,,,,,,,,,,,,,,,,
77,12303,8000070001,152,Denver,Adams,CO,Yes,Xcel energy,Xcel energy,https://www.xcelenergy.com/staticfiles/xe-responsive/Company/Rates%20&%20Regulations/Electric_Summation_Sheet_All_Rates_062021.pdf,https://www.xcelenergy.com/staticfiles/xe-responsive/Company/Rates%20&%20Regulations/Gas_Tariff_Summary_Sheet_07.01.2021.pdf,,,,,,,,,,,,,,,,,,,,,,,,,,,,,,,,,,,,,,,,,,,,,,,,,,,
78,1308,24000001001,155.483,Baltimore,Baltimore,MD,Yes,Baltimore Gas and Electric,Baltimore Gas and Electric,https://www.bge.com/MyAccount/MyBillUsage/Documents/Electric/P3_SCH_P.pdf,https://www.bge.com/MyAccount/MyBillUsage/Documents/Gas/GasScheduleIS.pdf,,,,,,,,,,,,,,,,,,,,,,,,,,,,,,,,,,,,,,,,,,,,,,,,,,,
79,1984,42005016001,164,Pittsburgh,Allegheny,PA,No,Duquesne Light Company ,Peoples Gas,https://www.duquesnelight.com/docs/default-source/default-document-library/currenttariff.pdf?Status=Temp&sfvrsn=e69ca442_125,https://www.peoples-gas.com/my-account/understand/files/gas-rates-files/Peoples_Current_Retail_Tariff.pdf,,,,,,,,,,,,,,,,,,,,,,,,,,,,,,,,,,,,,,,,,,,,,,,,,,,
80,13535,6005009001,165,Sacramento,Sacramento,CA,Yes,SMUD,Pacific  Gas and Energy,https://www.pge.com/tariffs/electric.shtml#INDUSTRIAL,https://www.pge.com/tariffs/assets/pdf/tariffbook/GAS_SCHEDS_G-NR2.pdf,,,,,,,,,,,,,,,,,,,,,,,,,,,,,,,,,,,,,,,,,,,,,,,,,,,
81,13438,6002121001,167,,Alameda,CA,Yes,Pacific  Gas and Energy,Pacific  Gas and Energy,https://www.pge.com/tariffs/electric.shtml#INDUSTRIAL,https://www.pge.com/tariffs/assets/pdf/tariffbook/GAS_SCHEDS_G-NR2.pdf,,,,,,,,,,,,,,,,,,,,,,,,,,,,,,,,,,,,,,,,,,,,,,,,,,,
82,754,36002001012,170,New York,New York,NY,Yes,Con Edison,National Grid,https://www.nationalgridus.com/Upstate-NY-Business/Rates/Service-Rates,https://www.nationalgridus.com/Upstate-NY-Business/Rates/Service-Rates,,,,,,,,,,,,,,,,,,,,,,,,,,,,,,,,,,,,,,,,,,,,,,,,,,,
83,6768,39001666002,170,Cuyahoga Heights,Cuyahoga,OH,No,The Illuminating Company,Dominion Energy,https://www.cpp.org/info/Pricing/Rate-Schedule,https://cdn-dominionenergy-prd-001.azureedge.net/-/media/pdfs/ohio/rates-tariffs/rates-lvgss.pdf?la=en&rev=df19f8469560481dbd8e1d27c9a271c3,,,,,,,,,,,,,,,,,,,,,,,,,,,,,,,,,,,,,,,,,,,,,,,,,,,
84,589,34002065001,177.633,Sayreville,Middlesex,NJ,Yes,Jersey Central Power and Light Co,NJ Natural Gas,https://www.firstenergycorp.com/content/dam/customer/Customer%20Choice/Files/New%20Jersey/tariffs/BPU-13-Part-III-Effective-July-1-2021.pdf,https://www.njng.com/regulatory/pdf/PricetableLargeCommercial.pdf,,,,,,,,,,,,,,,,,,,,,,,,,,,,,,,,,,,,,,,,,,,,,,,,,,,
85,13814,6009031001,184,San Diego,San Diego,CA,Yes,San Diego Gas and Electric,San Diego Gas and Electric,http://regarchive.sdge.com/tm2/pdf/ELEC_ELEC-SCHEDS_AL-TOU2.pdf,,,,,,,,,,,,,,,,,,,,,,,,,,,,,,,,,,,,,,,,,,,,,,,,,,,,
86,1523,42000094001,196.7,Philadelphia,Philadelphia,PA,No,PECO,Philadepphia Gas works,https://www.peco.com/SiteCollectionImages/current%20elec%20tariff%20july%201%202021.pdf,https://www.pgworks.com/uploads/pdfs/PGW_Gas_Service_Tariff_Through_Supplement_144_-_Updated.pdf,,,,,,,,,,,,,,,,,,,,,,,,,,,,,,,,,,,,,,,,,,,,,,,,,,,
87,1524,42000094002,198.5,Philadelphia,Philadelphia,PA,Yes,PECO,Philadepphia Gas works,https://www.peco.com/SiteCollectionImages/current%20elec%20tariff%20july%201%202021.pdf,https://www.pgworks.com/uploads/pdfs/PGW_Gas_Service_Tariff_Through_Supplement_144_-_Updated.pdf,,,,,,,,,,,,,,,,,,,,,,,,,,,,,,,,,,,,,,,,,,,,,,,,,,,
88,6272,27000001001,203.62,St Paul,Ramsey,MN,No,Xcel energy,Xcel energy,https://www.xcelenergy.com/staticfiles/xe/Regulatory/Regulatory%20PDFs/rates/MN/MNBusRateCard.pdf,https://www.xcelenergy.com/staticfiles/xe/Regulatory/Regulatory%20PDFs/rates/MN/MNBusRateCard.pdf,,,,,,,,,,,,,,,,,,,,,,,,,,,,,,,,,,,,,,,,,,,,,,,,,,,
89,7539,55003100001,212,Milwaukee,Milwaukee,WI,Yes,WE ENERGY,WE Energy,https://www.we-energies.com/pdfs/etariffs/wisconsin/elecrateswi.pdf,https://www.we-energies.com/pdfs/tariffs_vol7/WGCtariffbk_vol7.pdf,,,,,,,,,,,,,,,,,,,,,,,,,,,,,,,,,,,,,,,,,,,,,,,,,,,
90,5232,17000721009,232.58,Chicago,Cook,IL,No,Comed,Peoples Gas,https://www.comed.com/SiteCollectionDocuments/MyAccount/MyBillUsage/CurrentRates/Delivery_Service_Charges_InfoSheets.pdf,https://www.peoplesgasdelivery.com/company/tariffs/sc4.pdf,,,,,,,,,,,,,,,,,,,,,,,,,,,,,,,,,,,,,,,,,,,,,,,,,,,
91,743,36002001001,250,New York,New York,NY,Yes,Con Edison,National Grid,https://www.nationalgridus.com/Upstate-NY-Home/Rates/Supply-Costs,,,,,,,,,,,,,,,,,,,,,,,,,,,,,,,,,,,,,,,,,,,,,,,,,,,,
92,753,36002001011,271.26,Brooklyn,Kings,NY,Yes,Con Edison,National Grid,https://www.nationalgridus.com/Upstate-NY-Home/Rates/Supply-Costs,,,,,,,,,,,,,,,,,,,,,,,,,,,,,,,,,,,,,,,,,,,,,,,,,,,,
93,552,34001082001,278.33,Newark,Essex,NJ,No,PUBLIC SERVICE ELECTRIC AND GAS COMPANY,PUBLIC SERVICE ELECTRIC AND GAS COMPANY,https://nj.pseg.com/aboutpseg/regulatorypage/-/media/2DC2339E928A4DD08F4F10629F484DA4.ashx,https://nj.pseg.com/aboutpseg/regulatorypage/-/media/D1C183F23D1B4603A10CD633881AF06B.ashx,,,,,,,,,,,,,,,,,,,,,,,,,,,,,,,,,,,,,,,,,,,,,,,,,,,
94,5230,17000721007,292,Skokie,Cook,IL,No,Comed,Peoples Gas,https://www.comed.com/SiteCollectionDocuments/MyAccount/MyBillUsage/CurrentRates/Delivery_Service_Charges_InfoSheets.pdf,https://www.peoplesgasdelivery.com/company/tariffs/sc4.pdf,,,,,,,,,,,,,,,,,,,,,,,,,,,,,,,,,,,,,,,,,,,,,,,,,,,
95,147,25000128001,310,Boston,Suffolk,MA,Yes,Eversource,Eversource,https://www.eversource.com/content/docs/default-source/rates-tariffs/ma-electric/1-tariff-ma.pdf?sfvrsn=769dc462_34,https://www.eversource.com/content/docs/default-source/rates-tariffs/summary-rates-gas.pdf?sfvrsn=c37ef362_16,,,,,,,,,,,,,,,,,,,,,,,,,,,,,,,,,,,,,,,,,,,,,,,,,,,
96,13514,6004010001,325,Playa Del Ray,Los Angeles,CA,Yes,Southern California Edison,Socal Gas,https://library.sce.com/content/dam/sce-doclib/public/regulatory/tariff/electric/schedules/general-service-&-industrial-rates/ELECTRIC_SCHEDULES_GS-2.pdf,https://www.socalgas.com/pay-bill/understanding-your-bill/natural-gas-prices-explained,,,,,,,,,,,,,,,,,,,,,,,,,,,,,,,,,,,,,,,,,,,,,,,,,,,
97,13503,6004009001,339,Carson,Los Angeles,CA,Yes,Southern California Edison,Socal Gas,https://library.sce.com/content/dam/sce-doclib/public/regulatory/tariff/electric/schedules/general-service-&-industrial-rates/ELECTRIC_SCHEDULES_GS-2.pdf,https://www.socalgas.com/pay-bill/understanding-your-bill/natural-gas-prices-explained,,,,,,,,,,,,,,,,,,,,,,,,,,,,,,,,,,,,,,,,,,,,,,,,,,,
98,1290,11000001001,370,Washington,District of Columbia,DC,Yes,Pepco,Washington Gas,https://www.pepco.com/MyAccount/MyBillUsage/Documents/5.DC%20Rates%20Update%202-28-2020%20%20GS%203A.pdf,https://www.washingtongas.com/-/media/87d6aa7db89244cf893513bc613baa0d.pdf#page=19,,,,,,,,,,,,,,,,,,,,,,,,,,,,,,,,,,,,,,,,,,,,,,,,,,,
99,6031,26000596001,660.5,Detroit,Wayne,MI,No,DTE ELECTRIC COMPANY,DTE ELECTRIC COMPANY,https://www.michigan.gov/documents/mpsc/dtee1cur_579203_7.pdf,https://newlook.dteenergy.com/wps/wcm/connect/e862777b-ce94-4c81-8ef4-ff88298abce1/rateCard.pdf?MOD=AJPERES,,,,,,,,,,,,,,,,,,,,,,,,,,,,,,,,,,,,,,,,,,,,,,,,,,,
100,5226,17000721001,812,Cicero,Cook,IL,No,Comed,Peoples Gas,https://www.comed.com/SiteCollectionDocuments/MyAccount/MyBillUsage/CurrentRates/Delivery_Service_Charges_InfoSheets.pdf,https://www.peoplesgasdelivery.com/company/tariffs/sc4.pdf,,,,,,,,,,,,,,,,,,,,,,,,,,,,,,,,,,,,,,,,,,,,,,,,,,,
